1211281,2019-09-27,14:31:54.758319,17:36:21.756739
63524,2019-09-27,14:58:41.575209,17:01:53.023956
1208144,2019-09-27,14:58:46.169404,18:06:52.137659
1211641,2019-09-27,15:02:59.181182,18:02:32.725977
1212220,2019-09-27,15:03:18.731658,17:01:20.316254
11001246,2019-09-27,15:03:26.123934,16:55:58.894615
905051,2019-09-27,15:03:30.302332,
11002184,2019-09-27,15:03:31.534055,16:47:58.497360
2008415,2019-09-27,15:03:36.430169,16:57:47.254310
926163,2019-09-27,15:03:43.470488,16:58:34.570247
953276,2019-09-27,15:03:51.162477,18:07:08.297559
1212009,2019-09-27,15:03:56.688567,17:00:36.756054
1210246,2019-09-27,15:03:58.060716,18:08:07.547546
1211312,2019-09-27,15:04:02.202764,16:58:23.634279
14000115,2019-09-27,15:04:12.789362,16:50:05.932230
2002047,2019-09-27,15:04:21.447183,
907409,2019-09-27,15:04:44.874616,
2003624,2019-09-27,15:04:48.220134,18:07:26.499541
11006287,2019-09-27,15:04:55.144012,17:01:43.529941
2007624,2019-09-27,15:05:02.394254,16:35:55.132725
2001198,2019-09-27,15:05:24.071272,16:46:33.360278
11000675,2019-09-27,15:05:41.581218,16:34:04.594396
11005086,2019-09-27,15:06:03.833614,
1211823,2019-09-27,15:06:08.051851,17:01:33.336014
0462379422,2019-09-27,15:06:14.184054,17:01:30.754131
11000348,2019-09-27,15:06:19.084241,16:35:32.114648
11001124,2019-09-27,15:06:23.650240,16:34:19.918493
11001764,2019-09-27,15:06:27.560573,16:34:33.214484
11002043,2019-09-27,15:06:31.824410,15:06:32.068900
11902043,2019-09-27,15:06:31.946508,
01760000,2019-09-27,15:06:32.984996,
2001511,2019-09-27,15:06:35.556648,16:46:51.932078
11001970,2019-09-27,15:06:38.356676,16:34:41.968509
11001770,2019-09-27,15:06:41.542785,16:43:52.110537
1211635,2019-09-27,15:06:47.488965,17:00:18.314353
4115843,2019-09-27,15:06:57.103106,17:00:33.852320
4116254,2019-09-27,15:07:04.121108,16:46:17.310404
1212178,2019-09-27,15:07:08.027210,16:28:54.112228
11006143,2019-09-27,15:07:13.246150,17:01:25.532077
1211660,2019-09-27,15:07:43.562238,16:50:31.584069
1214316,2019-09-27,15:07:57.546559,16:34:24.666499
11003255,2019-09-27,15:08:00.250757,16:29:07.871812
11001891,2019-09-27,15:08:02.139523,16:34:55.762730
1211612,2019-09-27,15:08:06.619478,16:35:09.292583
11008121,2019-09-27,15:08:11.176907,15:55:00.683901
1211452,2019-09-27,15:08:15.017343,16:41:59.311572
4112126,2019-09-27,15:08:17.269140,16:34:44.706557
11001678,2019-09-27,15:08:24.461554,16:34:48.094772
14001180,2019-09-27,15:08:27.681411,16:46:09.200689
11009054,2019-09-27,15:08:30.553495,16:35:20.890703
4113419,2019-09-27,15:08:41.613904,16:35:25.982827
14000929,2019-09-27,15:08:45.279790,16:44:24.749934
1214402,2019-09-27,15:08:59.694167,16:43:25.658857
1214025,2019-09-27,15:09:03.574343,15:56:47.156440
11001685,2019-09-27,15:09:08.778457,16:37:11.895014
11000898,2019-09-27,15:09:27.568940,16:48:22.813082
1211100,2019-09-27,15:10:24.762447,16:38:08.695148
1214026,2019-09-27,15:10:29.512544,16:43:19.290938
901926,2019-09-27,15:10:32.650576,15:32:36.019369
11005897,2019-09-27,15:11:07.895509,15:37:47.011974
11000528,2019-09-27,15:12:02.290886,16:36:06.784797
11002329,2019-09-27,15:12:05.081430,16:27:16.970713
11001667,2019-09-27,15:12:15.968059,16:27:28.821766
7000878,2019-09-27,15:12:21.762166,16:45:42.674877
1214467,2019-09-27,15:12:26.103364,
11001730,2019-09-27,15:12:29.821758,16:47:01.011981
11001690,2019-09-27,15:12:33.045815,16:27:24.801788
11000864,2019-09-27,15:12:40.833858,16:43:30.410704
11001771,2019-09-27,15:12:42.910128,
11001883,2019-09-27,15:12:49.442372,16:28:37.799790
1212241,2019-09-27,15:12:54.969153,16:47:06.546031
1210393,2019-09-27,15:13:13.565191,
11001621,2019-09-27,15:13:20.105126,16:46:28.716452
11012070,2019-09-27,15:13:47.585813,16:53:46.935076
1212104,2019-09-27,15:14:09.172138,16:44:21.048006
4112395,2019-09-27,15:14:12.914425,18:08:18.377480
1210644,2019-09-27,15:18:01.452381,16:58:30.028286
1212927,2019-09-27,15:18:39.187398,16:38:07.239160
1214571,2019-09-27,15:20:21.832170,15:20:24.042179
4111175,2019-09-27,15:21:55.080746,
1209528,2019-09-27,15:22:08.354844,
4114713,2019-09-27,15:22:37.277782,
11001889,2019-09-27,15:52:05.790515,16:58:12.340261
11001690,2019-09-27,16:27:33.833755,16:43:41.625023
11001883,2019-09-27,16:28:49.249807,16:29:50.423875
1214571,2019-09-27,16:30:55.054039,16:31:01.492004
11000675,2019-09-27,16:34:09.447656,16:34:16.448481
11002043,2019-09-27,16:35:02.028665,16:35:15.432844
11000431,2019-09-27,16:36:13.656795,16:36:19.518792
606387,2019-09-27,23:08:54.009134,
436329131,2019-09-29,00:56:29.004265,
22836,2019-09-29,11:10:28.439087,
00689,2019-09-29,18:39:54.286355,
67055,2019-09-30,06:28:06.820625,06:44:42.795528
67055,2019-09-30,06:45:50.461499,08:30:02.267437
12939,2019-09-30,09:57:43.276520,
3539275,2019-09-30,12:01:44.974695,
09220441,2019-09-30,12:36:07.676229,
1211281,2019-10-01,14:14:40.957084,14:52:56.881365
926163,2019-10-01,14:59:08.575995,15:50:23.700298
1211641,2019-10-01,15:15:40.600285,16:23:52.936082
1211281,2019-10-02,12:51:15.383486,
38739,2019-10-03,09:35:08.920122,
1211281,2019-10-03,12:12:18.160999,13:17:29.692592
63524,2019-10-03,15:00:54.394451,
11006143,2019-10-03,15:01:06.332382,17:15:05.829794
11001770,2019-10-03,15:01:29.362669,17:07:36.935704
11009227,2019-10-03,15:01:47.770306,16:40:17.085412
11003255,2019-10-03,15:01:49.634322,16:44:00.435098
14001180,2019-10-03,15:01:51.810090,16:54:42.796252
2001511,2019-10-03,15:01:56.830138,17:07:59.195745
4112395,2019-10-03,15:01:58.504256,17:12:07.219505
1212169,2019-10-03,15:02:11.056132,17:12:47.811524
11000873,2019-10-03,15:02:57.358050,15:47:11.983706
1212220,2019-10-03,15:03:01.207855,17:11:25.835491
926163,2019-10-03,15:03:08.451982,16:50:25.466512
907409,2019-10-03,15:03:18.185893,
953276,2019-10-03,15:03:24.855859,17:12:00.263531
1208144,2019-10-03,15:03:45.157656,17:11:11.437615
931844,2019-10-03,15:03:47.790217,17:14:41.325468
2001198,2019-10-03,15:03:57.157611,17:02:53.929953
2008415,2019-10-03,15:04:06.025547,16:58:40.989932
1212009,2019-10-03,15:04:10.493841,17:09:35.505629
11002184,2019-10-03,15:04:18.469618,
11000420,2019-10-03,15:04:35.063447,15:42:12.847376
11006287,2019-10-03,15:04:42.207649,
1211565,2019-10-03,15:04:44.869406,
11001889,2019-10-03,15:04:47.177905,17:07:57.291689
11000898,2019-10-03,15:04:51.383502,17:06:06.499793
11000675,2019-10-03,15:05:08.245326,17:15:08.149318
2003624,2019-10-03,15:05:22.673420,
11001124,2019-10-03,15:05:24.469429,15:10:34.582873
1210246,2019-10-03,15:05:32.635705,17:12:25.559480
2007624,2019-10-03,15:05:35.129455,16:35:16.023852
14000115,2019-10-03,15:05:37.513375,17:12:36.533496
1211635,2019-10-03,15:05:42.835360,16:26:09.938282
907780,2019-10-03,15:05:47.861389,17:01:38.455981
2007453,2019-10-03,15:05:50.167688,17:11:15.187530
2003646,2019-10-03,15:05:54.757315,17:08:14.687692
11008518,2019-10-03,15:05:57.493452,17:10:33.921610
1211823,2019-10-03,15:06:17.861202,16:57:35.601887
0462379422,2019-10-03,15:06:19.961273,16:57:34.049889
905051,2019-10-03,15:06:35.569175,17:12:56.931637
931790,2019-10-03,15:09:22.964755,16:55:20.302275
1211312,2019-10-03,15:09:29.128611,
4111175,2019-10-03,15:09:53.284494,16:04:10.516241
11000348,2019-10-03,15:10:10.686614,17:08:17.259667
14000929,2019-10-03,15:10:20.532568,17:07:38.273703
1212104,2019-10-03,15:10:23.114553,17:07:35.085738
11001970,2019-10-03,15:10:32.598541,17:04:06.086274
1214467,2019-10-03,15:10:37.922386,16:50:18.678593
1214026,2019-10-03,15:10:49.202463,17:09:31.519113
11001329,2019-10-03,15:11:03.022327,17:07:40.311700
4114713,2019-10-03,15:11:10.738293,16:55:15.888104
4111492,2019-10-03,15:11:13.488282,16:52:26.404350
4111053,2019-10-03,15:11:15.986352,16:52:28.682397
11001703,2019-10-03,15:11:19.898350,17:01:27.179908
1212241,2019-10-03,15:11:26.360308,17:01:56.468245
11000528,2019-10-03,15:12:21.822231,15:13:31.111870
11002329,2019-10-03,15:12:27.190543,15:13:33.769839
11001730,2019-10-03,15:12:30.806388,17:06:51.949741
11005086,2019-10-03,15:12:43.584112,16:52:37.224313
11001667,2019-10-03,15:13:44.585710,16:59:54.060220
11001883,2019-10-03,15:13:51.335822,16:44:46.237086
11001621,2019-10-03,15:13:56.253871,16:55:36.692137
2008135,2019-10-03,15:14:04.623810,16:55:23.816108
11000864,2019-10-03,15:14:09.325641,16:43:09.669194
4111100,2019-10-03,15:14:12.825874,17:05:48.747802
1211452,2019-10-03,15:14:22.387801,17:02:56.909921
11001771,2019-10-03,15:14:39.141596,17:04:09.587883
11001136,2019-10-03,15:15:04.182121,15:59:20.909842
11001690,2019-10-03,15:16:50.155918,15:17:13.848585
931616,2019-10-03,15:16:53.458031,17:09:12.965640
1100402,2019-10-03,15:17:08.964642,15:17:09.254161
11001690,2019-10-03,15:17:19.322433,17:08:00.395720
4112223,2019-10-03,15:17:24.176753,
11000431,2019-10-03,15:17:44.591134,15:17:51.923059
7000878,2019-10-03,15:17:48.910309,17:06:10.775786
11000431,2019-10-03,15:17:54.459173,17:04:50.557820
11008402,2019-10-03,15:18:22.747688,
1211641,2019-10-03,15:36:31.622795,16:45:03.281115
1100136,2019-10-03,15:59:21.073836,
11001136,2019-10-03,15:59:26.023754,15:59:33.608026
11007072,2019-10-03,15:59:41.553636,17:08:02.698113
4114192,2019-10-03,17:01:20.761933,17:01:30.381964
0462379422,2019-10-03,17:05:53.949886,
1211823,2019-10-03,17:05:55.725866,
11001999,2019-10-03,17:07:09.145837,17:07:13.673942
109225185,2019-10-03,17:08:43.089541,
1211281,2019-10-04,14:40:52.628507,
63524,2019-10-04,14:59:26.987203,17:07:39.457963
2001511,2019-10-04,14:59:30.612761,17:07:06.521902
4114192,2019-10-04,14:59:39.330642,16:41:03.343159
1214316,2019-10-04,14:59:48.086590,16:49:13.129850
926163,2019-10-04,15:00:32.821932,16:23:08.997633
1212169,2019-10-04,15:00:48.279709,17:02:04.702727
14001180,2019-10-04,15:00:52.571617,17:06:55.261864
11001770,2019-10-04,15:01:01.922040,17:01:54.320640
11006143,2019-10-04,15:01:14.995484,17:07:29.505914
11009227,2019-10-04,15:01:41.341282,16:05:49.994013
11003255,2019-10-04,15:01:52.130996,16:41:34.671049
1211641,2019-10-04,15:02:29.726537,18:27:49.373185
0462379422,2019-10-04,15:02:37.900247,17:07:11.560012
1211823,2019-10-04,15:02:39.722260,17:07:14.067911
1212220,2019-10-04,15:02:43.106206,17:05:53.801740
11001624,2019-10-04,15:02:46.916487,16:41:09.509209
11000873,2019-10-04,15:02:50.002567,16:34:00.156717
11001690,2019-10-04,15:02:51.986216,16:34:05.030732
2002047,2019-10-04,15:02:56.726013,
4111053,2019-10-04,15:02:58.610136,16:43:30.664669
1214467,2019-10-04,15:03:00.752095,17:06:02.861665
11007072,2019-10-04,15:03:02.976102,17:01:50.548633
931790,2019-10-04,15:03:04.750095,17:07:37.332203
4116254,2019-10-04,15:03:08.787994,16:34:08.968606
11001970,2019-10-04,15:03:10.448067,16:36:26.384050
109225185,2019-10-04,15:03:15.079979,
11001246,2019-10-04,15:03:24.121858,16:47:52.950026
4112395,2019-10-04,15:03:34.507589,18:27:39.347171
1212178,2019-10-04,15:03:41.529722,16:35:41.124251
4111100,2019-10-04,15:03:46.039759,16:14:39.391748
1211452,2019-10-04,15:03:52.321585,16:10:05.061860
11002284,2019-10-04,15:03:53.787560,16:34:11.294605
4111175,2019-10-04,15:03:58.557469,17:04:13.369470
14000929,2019-10-04,15:04:02.237476,17:01:15.588418
11000528,2019-10-04,15:04:05.205230,16:39:54.853289
4112276,2019-10-04,15:04:07.915425,16:39:05.809517
953276,2019-10-04,15:04:12.155349,18:27:23.137299
901926,2019-10-04,15:04:14.319137,16:56:35.416257
1212009,2019-10-04,15:04:16.531522,17:05:47.699671
11001621,2019-10-04,15:04:25.139136,16:36:01.444228
11000641,2019-10-04,15:04:27.335178,17:04:05.807241
4113419,2019-10-04,15:04:30.749157,16:39:59.441311
1210307,2019-10-04,15:04:37.629158,17:06:52.249840
2003624,2019-10-04,15:05:23.214624,18:27:37.713172
11000675,2019-10-04,15:05:32.430451,17:07:26.327889
11006287,2019-10-04,15:06:00.475972,17:07:33.507949
4115843,2019-10-04,15:06:03.232114,15:56:27.017272
1208144,2019-10-04,15:06:17.539844,18:26:07.879397
11002184,2019-10-04,15:06:30.639876,17:02:42.848979
2007624,2019-10-04,15:06:41.279841,17:05:40.097703
2007453,2019-10-04,15:06:42.551804,16:39:10.679459
907780,2019-10-04,15:06:53.927722,16:38:57.597466
11001124,2019-10-04,15:07:01.483513,16:35:26.294303
11000932,2019-10-04,15:07:03.891553,
931781,2019-10-04,15:07:05.577489,16:39:18.569467
1211312,2019-10-04,15:07:13.457283,17:48:51.027799
11012070,2019-10-04,15:07:29.503366,17:05:12.041493
11001889,2019-10-04,15:07:31.591210,17:02:47.418909
11000898,2019-10-04,15:07:36.783234,17:30:22.546994
1210365,2019-10-04,15:07:39.229297,16:35:07.214451
11001667,2019-10-04,15:08:33.958613,15:54:57.762156
1211612,2019-10-04,15:08:45.840530,
11008121,2019-10-04,15:08:53.930445,16:37:49.669754
11001685,2019-10-04,15:09:07.502302,16:52:16.831489
1211100,2019-10-04,15:09:32.308081,16:52:25.681436
931616,2019-10-04,15:09:46.006006,17:03:23.592998
1210246,2019-10-04,15:11:36.830107,18:27:45.543160
14000115,2019-10-04,15:11:51.775727,18:27:29.069298
1211660,2019-10-04,15:12:00.000498,16:52:49.633415
11000348,2019-10-04,15:12:07.715392,16:38:31.795550
11009054,2019-10-04,15:12:13.185906,16:52:35.059431
905051,2019-10-04,15:12:19.924586,17:04:00.167182
1214026,2019-10-04,15:12:37.152141,17:06:12.093746
1214402,2019-10-04,15:12:39.890473,17:06:03.971703
1212927,2019-10-04,15:12:42.250668,16:52:30.607432
11001730,2019-10-04,15:13:22.588660,17:07:41.228104
2003646,2019-10-04,15:13:43.538152,15:52:18.762673
4111492,2019-10-04,15:15:30.806797,16:33:02.916998
1214632,2019-10-04,15:15:32.924456,16:23:56.387117
1214110,2019-10-04,15:15:52.683965,16:34:02.984718
11008402,2019-10-04,15:16:07.919378,15:53:27.617566
11001771,2019-10-04,15:16:31.262971,16:00:25.915467
1210393,2019-10-04,15:17:06.500677,16:05:32.994219
11005897,2019-10-04,15:17:15.733181,16:47:27.562117
4114713,2019-10-04,15:17:22.875937,16:36:38.765966
11001883,2019-10-04,15:20:46.197674,16:55:00.897220
7000878,2019-10-04,15:21:55.306401,16:52:54.215506
2004201,2019-10-04,15:22:18.915260,16:36:44.834009
8070473,2019-10-04,15:23:45.162067,
1211635,2019-10-04,15:28:46.761806,16:56:39.734310
1212104,2019-10-04,15:34:05.621446,16:55:05.675381
1209528,2019-10-04,15:42:32.107609,17:41:02.832045
3323538,2019-10-04,16:45:16.202440,
01632194,2019-10-05,04:10:04.113956,04:10:52.347894
03327306,2019-10-05,04:11:43.117850,
02135458,2019-10-05,15:06:32.345168,
6982676,2019-10-05,17:36:35.831076,
37204,2019-10-05,20:03:54.339742,
27925,2019-10-05,22:44:06.405540,
28287503,2019-10-06,02:06:20.058489,
275155,2019-10-07,02:31:37.798069,
646789,2019-10-07,11:58:09.429765,
926163,2019-10-07,14:52:47.903449,16:37:55.508710
11001770,2019-10-07,15:01:01.981935,16:58:45.674507
1212169,2019-10-07,15:01:21.847448,17:07:26.648911
14002684,2019-10-07,15:01:40.956799,17:22:43.238345
14002497,2019-10-07,15:01:49.532569,16:25:47.888465
11003255,2019-10-07,15:01:57.568496,16:41:01.048588
2001511,2019-10-07,15:02:15.808007,16:51:54.094867
63524,2019-10-07,15:02:43.323424,17:19:52.701160
1212220,2019-10-07,15:02:51.199566,17:03:58.758427
907409,2019-10-07,15:03:05.408794,17:03:48.630399
2007624,2019-10-07,15:03:07.582735,16:36:08.964618
14001180,2019-10-07,15:03:11.442720,16:44:11.497817
109225185,2019-10-07,15:03:13.648765,15:09:55.641972
11000641,2019-10-07,15:03:19.690508,15:30:37.185957
1212009,2019-10-07,15:03:23.614267,17:03:51.368696
11001685,2019-10-07,15:03:26.040443,15:44:26.692402
1212241,2019-10-07,15:03:30.714211,16:54:02.086683
4112276,2019-10-07,15:03:36.031982,17:01:43.196460
2001198,2019-10-07,15:03:38.310164,16:58:28.200549
11001690,2019-10-07,15:03:39.486088,17:04:55.780406
11001246,2019-10-07,15:03:44.369801,15:34:32.652568
11001970,2019-10-07,15:03:45.639959,16:24:19.638525
11000675,2019-10-07,15:03:51.905800,17:13:05.216421
11000348,2019-10-07,15:03:55.233696,17:09:28.776415
4115843,2019-10-07,15:03:57.182152,17:10:49.414762
4116254,2019-10-07,15:03:59.346017,16:36:44.048484
2003646,2019-10-07,15:04:03.739838,16:35:29.666434
4111175,2019-10-07,15:04:06.799510,17:13:48.858431
1214026,2019-10-07,15:04:09.109427,16:38:08.340845
931790,2019-10-07,15:04:13.379455,17:11:36.558442
931844,2019-10-07,15:04:18.059332,17:35:23.458620
11008402,2019-10-07,15:04:20.133067,17:05:46.256477
1211612,2019-10-07,15:04:21.609159,15:25:13.714701
11008121,2019-10-07,15:04:24.635499,15:25:10.467139
4114192,2019-10-07,15:04:29.025090,
1214316,2019-10-07,15:04:31.005068,15:24:48.526672
953276,2019-10-07,15:04:45.207179,17:31:06.465196
11001764,2019-10-07,15:04:51.744600,15:25:09.474673
11001999,2019-10-07,15:04:52.212418,16:26:04.388412
4111318,2019-10-07,15:04:56.776346,
4111100,2019-10-07,15:05:06.366296,16:53:35.752826
1208144,2019-10-07,15:05:12.246677,17:10:40.976420
2008415,2019-10-07,15:05:15.208513,16:58:22.398500
1211565,2019-10-07,15:05:19.932099,17:14:04.584447
11000420,2019-10-07,15:05:22.126388,15:26:21.516566
11002184,2019-10-07,15:05:23.024045,16:58:25.918518
2003624,2019-10-07,15:05:25.261969,17:22:00.900408
1214467,2019-10-07,15:05:28.791896,17:13:47.402456
1211312,2019-10-07,15:05:31.475918,17:33:31.486948
901926,2019-10-07,15:05:59.197321,17:03:42.102398
1211635,2019-10-07,15:06:06.351293,17:03:46.440395
14000115,2019-10-07,15:06:09.859439,17:23:17.288033
4112395,2019-10-07,15:06:11.763010,16:54:40.735039
1826389878240401,2019-10-07,15:06:21.736936,17:14:14.036317
1210246,2019-10-07,15:06:31.528944,16:07:31.296568
907780,2019-10-07,15:06:43.518580,17:02:41.046425
2007453,2019-10-07,15:06:59.004443,17:02:49.814449
11001730,2019-10-07,15:08:06.257735,16:49:03.775086
1211660,2019-10-07,15:08:21.843213,15:29:13.040137
1212927,2019-10-07,15:09:08.419625,15:25:07.364707
905051,2019-10-07,15:09:25.962673,17:04:05.670410
1211100,2019-10-07,15:09:29.837005,15:25:17.478740
11009054,2019-10-07,15:09:32.286367,15:29:30.733911
11001621,2019-10-07,15:09:37.794452,16:09:04.337753
109225185,2019-10-07,15:09:58.741952,17:09:32.920416
11006287,2019-10-07,15:10:44.343756,17:14:27.904439
11005086,2019-10-07,15:12:26.982539,15:25:54.764778
11001703,2019-10-07,15:13:05.362109,16:58:30.470520
1211452,2019-10-07,15:24:56.014730,16:02:25.079991
7000878,2019-10-07,15:24:58.508766,
11001883,2019-10-07,15:25:15.034728,16:33:44.326433
1214402,2019-10-07,15:25:19.338925,16:37:58.808950
4114713,2019-10-07,15:25:23.757468,16:24:06.466499
1214632,2019-10-07,15:25:28.028841,16:10:09.539112
4111492,2019-10-07,15:25:32.208614,16:37:19.678954
305365280,2019-10-07,15:25:34.626867,16:59:10.634475
2004201,2019-10-07,15:25:38.226461,17:01:34.596451
1214110,2019-10-07,15:25:42.958917,
11000864,2019-10-07,15:26:05.838629,16:52:37.631220
11000898,2019-10-07,15:26:41.092513,16:17:00.459479
11009511,2019-10-07,15:28:57.798132,16:57:36.568523
1211660,2019-10-07,15:29:22.860091,15:29:24.884052
11001771,2019-10-07,15:29:35.788119,16:48:57.347088
1214571,2019-10-07,15:30:11.863951,16:58:54.250740
1210644,2019-10-07,16:11:15.364818,17:15:05.772432
11001889,2019-10-07,16:27:21.085349,16:58:14.390899
931616,2019-10-07,16:46:36.949436,17:14:23.018438
11001690,2019-10-07,17:05:09.276381,17:07:09.454534
1826389878240401,2019-10-07,17:14:31.428283,17:14:35.678295
1211312,2019-10-07,17:35:29.388644,17:35:30.656595
4111100,2019-10-08,15:04:29.300503,16:38:08.153066
1209528,2019-10-08,15:04:37.516427,16:57:34.103020
4111053,2019-10-08,15:10:56.388937,16:17:32.077278
1214632,2019-10-08,15:11:35.846504,16:07:43.109475
4111492,2019-10-08,15:11:42.817398,16:12:58.445143
926163,2019-10-09,15:24:36.836661,17:00:57.041786
2004201,2019-10-09,15:24:48.551192,
1212169,2019-10-10,15:00:58.132861,17:01:43.787937
63524,2019-10-10,15:01:05.070796,17:15:13.434859
4114192,2019-10-10,15:01:11.226774,16:36:00.332377
14001180,2019-10-10,15:01:37.706828,16:48:44.917279
4116254,2019-10-10,15:01:42.240797,16:21:32.078905
1214316,2019-10-10,15:01:44.934632,16:22:53.608945
926163,2019-10-10,15:01:56.030741,16:35:02.353033
11001770,2019-10-10,15:01:57.694577,17:10:55.303608
11009227,2019-10-10,15:02:01.058740,15:07:19.536022
1211823,2019-10-10,15:02:02.670583,17:15:26.316814
0462379422,2019-10-10,15:02:06.332690,17:15:23.806833
2001511,2019-10-10,15:02:07.994758,16:52:05.546741
11001970,2019-10-10,15:02:13.086708,16:38:24.122012
4112395,2019-10-10,15:02:34.634649,16:23:33.258929
1212241,2019-10-10,15:02:38.344688,16:48:27.584995
11000873,2019-10-10,15:02:44.540599,15:33:13.118602
11003255,2019-10-10,15:02:48.026453,16:35:57.880395
1212009,2019-10-10,15:03:05.634437,16:28:50.454183
2003646,2019-10-10,15:03:07.824450,17:04:13.289113
11000675,2019-10-10,15:03:09.640516,17:10:48.983569
11006143,2019-10-10,15:03:10.588518,
907409,2019-10-10,15:03:14.562474,16:33:57.454709
1210246,2019-10-10,15:03:26.974362,16:46:08.157161
1214467,2019-10-10,15:03:32.070497,17:11:30.695578
953276,2019-10-10,15:03:33.644472,17:32:57.795286
4111100,2019-10-10,15:03:35.448528,17:02:42.009529
4114795,2019-10-10,15:03:38.828412,
931844,2019-10-10,15:03:40.766451,17:00:53.182229
14000929,2019-10-10,15:03:44.342580,17:08:22.486488
11001690,2019-10-10,15:03:45.895536,17:08:34.752067
11000528,2019-10-10,15:03:48.588470,16:29:09.152318
11002329,2019-10-10,15:03:49.230334,16:29:12.165911
11002043,2019-10-10,15:03:55.904442,
11001124,2019-10-10,15:04:04.462399,16:22:25.001151
2008135,2019-10-10,15:04:06.782292,17:04:29.035372
931790,2019-10-10,15:04:08.154437,17:18:30.436413
11009511,2019-10-10,15:04:10.566379,17:11:08.477533
11002284,2019-10-10,15:04:13.550804,17:08:25.678446
1211565,2019-10-10,15:04:17.826371,17:12:08.469305
11000348,2019-10-10,15:04:23.026398,16:22:28.088929
1210307,2019-10-10,15:04:32.516388,16:07:54.953559
1211635,2019-10-10,15:04:40.752370,16:28:35.420020
11000516,2019-10-10,15:04:48.373301,17:14:54.766862
14000115,2019-10-10,15:04:54.442377,17:27:31.599488
2002047,2019-10-10,15:05:03.026330,15:49:12.246232
1212220,2019-10-10,15:05:11.326313,16:07:12.111563
907780,2019-10-10,15:05:20.764289,16:31:02.249406
1210644,2019-10-10,15:05:27.992363,17:02:53.157531
11000898,2019-10-10,15:05:29.468302,17:05:46.316674
2007453,2019-10-10,15:05:34.796624,16:31:03.677408
11008402,2019-10-10,15:05:38.682280,
11001624,2019-10-10,15:05:41.224373,
1211641,2019-10-10,15:06:02.094188,16:34:26.519005
1211612,2019-10-10,15:06:22.896302,
11008121,2019-10-10,15:06:25.398215,16:22:09.920848
901926,2019-10-10,15:06:27.616170,16:28:04.954409
11007072,2019-10-10,15:06:45.932152,17:09:31.461870
2007624,2019-10-10,15:06:49.900161,16:44:33.889362
11001685,2019-10-10,15:06:53.324110,16:31:09.339354
1209528,2019-10-10,15:07:00.038064,17:40:14.995705
11001730,2019-10-10,15:07:03.364069,17:01:45.597850
11006287,2019-10-10,15:07:11.598065,17:12:00.183334
11001889,2019-10-10,15:07:22.682365,17:09:22.815957
1211660,2019-10-10,15:08:09.651983,15:08:12.553953
1211660,2019-10-10,15:08:14.377960,16:40:26.602148
1212927,2019-10-10,15:08:44.459896,16:30:54.529447
11005897,2019-10-10,15:08:46.638082,15:53:08.892398
931781,2019-10-10,15:08:48.439908,16:23:22.773037
1211452,2019-10-10,15:08:56.421963,17:02:48.763531
4112126,2019-10-10,15:08:57.815891,16:28:22.902236
11001678,2019-10-10,15:09:01.387879,16:28:13.400123
11001703,2019-10-10,15:09:02.485747,16:40:46.183675
11009054,2019-10-10,15:09:05.209885,16:07:16.263479
11001667,2019-10-10,15:09:23.119833,16:43:32.175395
1211100,2019-10-10,15:09:26.763841,16:40:33.725719
1214110,2019-10-10,15:09:27.889864,16:40:16.207764
11001883,2019-10-10,15:09:43.987973,16:40:58.741748
11001771,2019-10-10,15:09:47.119692,17:06:15.844488
4114713,2019-10-10,15:09:50.355801,17:06:43.660480
11000641,2019-10-10,15:09:54.389833,15:58:47.344656
1212104,2019-10-10,15:10:26.565746,17:04:16.799136
7000878,2019-10-10,15:10:52.505625,17:04:02.219135
2004201,2019-10-10,15:10:59.843785,17:36:59.057003
11000431,2019-10-10,15:11:54.353531,17:11:36.245395
1208144,2019-10-10,15:12:49.925657,17:10:24.843680
905051,2019-10-10,15:13:47.569545,
931616,2019-10-10,15:15:49.039608,17:18:21.944393
305365280,2019-10-10,15:22:34.903534,17:06:14.060587
14002684,2019-10-10,15:51:38.332568,17:07:09.898440
1212169,2019-10-10,17:03:04.447439,17:28:15.409371
90397,2019-10-11,13:06:37.480260,
98592,2019-10-11,13:17:38.691296,
926163,2019-10-11,15:01:11.194580,18:13:28.663441
11009227,2019-10-11,15:01:24.694761,16:41:32.612131
11006143,2019-10-11,15:01:27.040731,16:40:55.640090
11001770,2019-10-11,15:01:38.188660,17:01:23.741165
4114192,2019-10-11,15:01:54.594677,16:36:37.685619
4116254,2019-10-11,15:02:02.160870,16:42:49.348238
11003255,2019-10-11,15:02:04.602865,16:40:17.238026
11008402,2019-10-11,15:02:07.611040,
1212169,2019-10-11,15:02:13.960887,16:48:16.654675
1214316,2019-10-11,15:02:20.236935,16:36:28.849600
2001511,2019-10-11,15:02:40.183124,17:31:57.715469
11001764,2019-10-11,15:02:43.084939,16:34:58.711447
14001180,2019-10-11,15:02:45.610971,17:10:40.479096
11002184,2019-10-11,15:02:48.848889,17:00:51.493385
11001970,2019-10-11,15:02:58.310858,16:40:48.234052
2008415,2019-10-11,15:03:08.812991,17:00:56.773278
2003624,2019-10-11,15:03:11.255115,16:42:25.130190
1210246,2019-10-11,15:03:14.792943,20:07:43.817655
4112276,2019-10-11,15:03:17.789122,16:34:31.631371
109225185,2019-10-11,15:03:19.483056,16:33:20.575120
1208144,2019-10-11,15:03:23.627087,20:08:54.239586
11000528,2019-10-11,15:03:34.373132,16:37:01.353688
1211823,2019-10-11,15:03:36.013151,17:01:54.229048
0462379422,2019-10-11,15:03:42.629166,17:01:56.792990
4113419,2019-10-11,15:03:44.835174,16:37:03.553651
931844,2019-10-11,15:03:46.209251,17:38:12.107239
2001198,2019-10-11,15:03:51.657259,17:01:08.865238
1212178,2019-10-11,15:03:54.227175,16:34:10.139497
11000348,2019-10-11,15:03:57.947118,16:33:51.611150
14000929,2019-10-11,15:04:02.519233,17:36:29.127321
1212009,2019-10-11,15:04:04.701348,16:54:10.774833
11001690,2019-10-11,15:04:22.861278,16:58:55.066384
4114795,2019-10-11,15:04:24.225093,16:33:18.513121
11000873,2019-10-11,15:04:31.715248,17:37:37.341158
11002284,2019-10-11,15:04:32.581270,16:58:44.924181
1211641,2019-10-11,15:04:35.073556,20:07:54.733611
2008135,2019-10-11,15:04:37.969132,17:10:58.139072
14000115,2019-10-11,15:04:45.203236,16:34:28.259275
4112395,2019-10-11,15:04:46.917464,20:08:50.103592
1211452,2019-10-11,15:04:50.457294,17:19:10.880138
11012070,2019-10-11,15:04:52.149469,16:36:35.885615
4111100,2019-10-11,15:04:53.819139,18:28:02.680318
4111053,2019-10-11,15:04:54.951418,16:33:37.669122
11001124,2019-10-11,15:04:56.553198,16:32:44.870995
11008518,2019-10-11,15:05:02.801720,17:23:19.743823
905051,2019-10-11,15:05:04.621197,
1214467,2019-10-11,15:05:06.539250,16:46:35.312466
2003646,2019-10-11,15:05:08.551471,16:51:56.822799
1214026,2019-10-11,15:05:10.621443,
11001685,2019-10-11,15:05:14.149354,17:32:39.167348
1211100,2019-10-11,15:05:16.893484,17:19:34.196136
11006287,2019-10-11,15:05:21.151380,
11001624,2019-10-11,15:05:23.753361,16:37:28.066002
11001889,2019-10-11,15:05:25.499333,17:00:52.113143
11005897,2019-10-11,15:05:38.275394,16:15:18.137724
2001993,2019-10-11,15:05:40.919490,16:15:28.993697
11001730,2019-10-11,15:05:42.821309,17:02:06.507245
4111492,2019-10-11,15:05:44.995440,
1212927,2019-10-11,15:05:55.991359,17:02:36.598739
2007624,2019-10-11,15:05:58.259477,16:58:04.096509
1211635,2019-10-11,15:06:01.605486,16:51:10.066651
1211565,2019-10-11,15:06:03.055711,16:43:50.042298
901926,2019-10-11,15:06:14.661499,16:35:23.911494
2007453,2019-10-11,15:06:24.447604,16:58:05.560513
1211312,2019-10-11,15:06:35.797558,18:28:09.430342
11001667,2019-10-11,15:06:58.771614,17:06:52.493714
11001883,2019-10-11,15:07:04.196007,17:10:10.725117
1214632,2019-10-11,15:07:07.969589,16:34:02.687216
1210393,2019-10-11,15:07:09.855629,17:18:53.306152
11007072,2019-10-11,15:07:29.093650,17:01:52.604978
11001678,2019-10-11,15:07:37.752170,16:33:47.771228
931781,2019-10-11,15:07:44.027691,16:32:39.449017
4114713,2019-10-11,15:07:48.836015,17:37:12.529773
11008121,2019-10-11,15:07:53.499891,16:33:33.915114
1211612,2019-10-11,15:07:57.553797,
4112126,2019-10-11,15:08:10.617919,16:33:44.597146
1211660,2019-10-11,15:08:22.947775,16:38:31.075780
11009054,2019-10-11,15:08:45.103925,16:37:23.045697
1210644,2019-10-11,15:10:09.260035,17:41:20.659502
11001999,2019-10-11,15:10:13.796040,16:38:29.679781
2004201,2019-10-11,15:11:23.516180,18:27:52.486314
11001703,2019-10-11,15:11:32.222215,16:52:30.432719
11001621,2019-10-11,15:14:34.262727,17:05:30.820010
11001771,2019-10-11,15:18:04.627556,15:51:23.230404
1209528,2019-10-11,15:24:28.981312,15:47:45.488526
11000864,2019-10-11,15:24:35.641264,17:01:15.657221
11001246,2019-10-11,15:25:06.115052,17:01:49.283000
931790,2019-10-11,15:25:12.358756,17:04:30.702219
7000878,2019-10-11,15:25:35.560501,
11000898,2019-10-11,15:26:10.028600,
907409,2019-10-11,15:26:28.309046,16:50:07.735026
1214402,2019-10-11,15:29:58.423879,
1212104,2019-10-11,15:34:36.932145,17:36:30.903291
11001771,2019-10-11,15:56:41.985404,17:35:33.879315
953276,2019-10-11,16:46:56.090450,20:07:58.095608
11002184,2019-10-11,17:00:53.631299,17:00:59.121533
11001889,2019-10-11,17:01:00.465252,17:01:01.657225
0462379422,2019-10-11,17:02:09.703647,
1211823,2019-10-11,17:02:12.146926,17:02:16.960850
1211823,2019-10-11,17:02:19.034885,17:02:27.628797
11002184,2019-10-11,17:02:39.614726,17:02:42.106738
11002184,2019-10-11,17:02:47.920565,17:02:49.872685
926163,2019-10-11,18:13:34.073413,
2003624,2019-10-11,20:08:02.269651,
11001770,2019-10-14,15:02:05.962926,16:53:06.443292
11003255,2019-10-14,15:02:07.158997,16:39:29.993868
11001970,2019-10-14,15:02:13.653164,16:34:16.902160
4114192,2019-10-14,15:02:29.153313,
11001764,2019-10-14,15:02:33.403442,16:34:14.238195
1214316,2019-10-14,15:02:41.899580,16:37:08.050080
2001511,2019-10-14,15:02:48.715762,16:39:05.749683
1214467,2019-10-14,15:03:06.257897,17:10:12.756170
1211823,2019-10-14,15:03:14.862086,16:55:56.607329
0462379422,2019-10-14,15:03:18.700126,16:55:58.629302
907409,2019-10-14,15:03:25.172185,16:57:37.185276
4112276,2019-10-14,15:03:29.052235,16:55:35.749491
926163,2019-10-14,15:03:41.156390,16:47:11.905336
1209528,2019-10-14,15:03:48.676544,15:55:49.269444
1212009,2019-10-14,15:03:56.112578,16:58:49.753360
11000641,2019-10-14,15:04:08.422699,16:50:57.195383
109225185,2019-10-14,15:04:16.551134,17:09:45.438188
11002184,2019-10-14,15:04:21.904884,16:53:00.095327
2001198,2019-10-14,15:04:31.653047,16:52:21.905271
2008415,2019-10-14,15:04:37.819103,16:52:26.893644
1211612,2019-10-14,15:04:49.947515,16:57:50.689391
11008121,2019-10-14,15:04:53.139236,15:31:13.360006
4111175,2019-10-14,15:05:01.593674,17:14:51.804239
11012070,2019-10-14,15:05:17.579588,15:10:06.304356
1214026,2019-10-14,15:05:26.973629,17:10:23.622262
931790,2019-10-14,15:05:34.809641,15:56:56.840491
11009511,2019-10-14,15:05:49.233909,17:19:36.113714
931844,2019-10-14,15:05:56.789991,17:09:31.102372
4114795,2019-10-14,15:06:27.150203,16:33:29.348296
11001690,2019-10-14,15:06:39.184486,15:54:25.942752
11001889,2019-10-14,15:06:50.686543,15:27:54.526414
901926,2019-10-14,15:06:59.960635,16:08:17.044092
63524,2019-10-14,15:07:04.450677,17:29:43.655956
11006287,2019-10-14,15:07:12.237126,17:22:31.647681
4111100,2019-10-14,15:07:25.444969,15:56:20.910979
1212241,2019-10-14,15:07:34.963125,15:56:09.815331
2008135,2019-10-14,15:07:43.371210,16:15:19.056162
11007072,2019-10-14,15:07:56.959362,16:53:10.671343
1211635,2019-10-14,15:08:14.031341,16:11:24.777705
907780,2019-10-14,15:08:21.055053,17:00:51.951324
2007453,2019-10-14,15:08:22.171379,16:55:29.737270
2007624,2019-10-14,15:08:40.565625,16:42:15.767529
11001685,2019-10-14,15:08:58.290111,16:04:34.709355
4115843,2019-10-14,15:09:08.699863,16:00:28.798561
11001730,2019-10-14,15:09:12.137995,17:01:59.402988
11001891,2019-10-14,15:09:29.356264,16:33:32.208307
14002479,2019-10-14,15:09:32.652277,17:12:08.738440
1211100,2019-10-14,15:09:46.455281,16:32:35.510482
11000516,2019-10-14,15:09:59.220343,17:01:50.597135
11001703,2019-10-14,15:10:15.836289,16:57:03.593293
11000675,2019-10-14,15:10:44.352732,16:42:10.771455
2003624,2019-10-14,15:11:23.293021,17:32:42.953638
2002047,2019-10-14,15:11:25.354938,16:16:27.278132
14001180,2019-10-14,15:11:40.007086,16:39:03.601649
1212927,2019-10-14,15:11:57.271266,16:32:37.002482
1211660,2019-10-14,15:12:06.281284,16:34:19.322165
11009054,2019-10-14,15:12:13.345324,16:33:44.066273
7000878,2019-10-14,15:12:23.559418,16:56:09.479308
11001883,2019-10-14,15:13:04.797677,16:07:24.756221
1212220,2019-10-14,15:13:06.773740,17:01:39.531256
4112395,2019-10-14,15:13:14.419956,17:19:11.502123
11000873,2019-10-14,15:13:27.291854,17:08:11.806421
905051,2019-10-14,15:13:39.055774,17:01:37.657300
11000864,2019-10-14,15:13:42.670008,15:56:14.977164
2003646,2019-10-14,15:13:45.666006,15:13:59.886052
2003646,2019-10-14,15:14:01.436120,16:47:23.697341
11000637,2019-10-14,15:14:08.446118,17:05:53.292790
11001771,2019-10-14,15:14:13.388123,15:56:41.960684
1214632,2019-10-14,15:14:54.040366,16:32:51.318418
4114713,2019-10-14,15:15:10.075100,16:10:02.215814
4111492,2019-10-14,15:15:20.364600,16:09:01.202077
4112126,2019-10-14,15:15:22.236443,16:48:52.901271
11001678,2019-10-14,15:15:28.028476,16:48:58.259353
1210644,2019-10-14,15:16:11.780758,17:02:23.185056
2004201,2019-10-14,15:16:16.228950,16:28:36.691526
11009227,2019-10-14,15:17:46.669526,15:18:09.551579
305365280,2019-10-14,15:20:20.377381,16:53:04.139290
1210393,2019-10-14,15:24:08.784265,15:41:09.921939
11001999,2019-10-14,15:29:29.623267,16:34:33.794174
14002684,2019-10-14,15:33:32.480904,17:09:53.502222
1211452,2019-10-14,16:18:48.207875,16:18:56.449822
121214801,2019-10-14,17:32:53.093672,17:32:56.126034
926163,2019-10-17,15:00:24.828647,17:15:43.277040
63524,2019-10-17,15:00:43.864520,17:12:35.055949
1212169,2019-10-17,15:01:24.112269,17:01:23.531705
1209528,2019-10-17,15:01:35.082175,15:39:30.208246
14001180,2019-10-17,15:01:38.934147,16:35:54.587027
4116254,2019-10-17,15:01:53.706099,16:23:22.220781
11006143,2019-10-17,15:02:11.648032,16:37:02.448914
11001764,2019-10-17,15:02:22.411937,16:33:32.103685
11001770,2019-10-17,15:02:26.105896,16:59:55.973717
2002047,2019-10-17,15:02:38.157819,15:44:41.831600
11001970,2019-10-17,15:02:47.179989,16:33:41.601404
1214467,2019-10-17,15:02:57.757735,16:58:44.113753
1212220,2019-10-17,15:03:04.429920,17:14:42.747294
2001511,2019-10-17,15:03:49.281574,16:35:57.907069
1211641,2019-10-17,15:04:12.475345,16:50:52.244099
1212009,2019-10-17,15:04:38.409351,16:40:43.640990
1212178,2019-10-17,15:04:51.963272,16:32:58.041590
11001685,2019-10-17,15:05:09.139020,16:22:12.940555
11000348,2019-10-17,15:05:10.293129,16:33:43.657359
2001198,2019-10-17,15:05:20.304981,17:03:06.580948
2008415,2019-10-17,15:05:22.075106,17:03:09.346917
11002184,2019-10-17,15:05:23.554925,17:03:14.314811
0462379422,2019-10-17,15:05:28.460920,17:18:12.338441
1211823,2019-10-17,15:05:30.521120,17:18:10.346481
901926,2019-10-17,15:05:33.699100,16:40:06.146750
931790,2019-10-17,15:05:43.087024,16:18:51.286743
11009511,2019-10-17,15:05:53.922936,17:16:38.578783
1214316,2019-10-17,15:05:57.692878,16:39:31.542559
4111175,2019-10-17,15:06:11.950815,17:01:36.940342
4112126,2019-10-17,15:06:17.238854,16:32:36.257643
11008121,2019-10-17,15:06:18.604825,16:31:44.394184
1211612,2019-10-17,15:06:23.054888,17:01:33.219704
4114795,2019-10-17,15:06:31.380610,16:33:23.563434
11001690,2019-10-17,15:06:35.802653,16:18:44.436698
11001891,2019-10-17,15:06:44.280693,
4114192,2019-10-17,15:06:54.100525,16:32:41.257565
14002479,2019-10-17,15:06:56.202655,17:10:01.102758
11000637,2019-10-17,15:06:59.898652,
109225185,2019-10-17,15:07:08.100597,17:10:42.344646
2003624,2019-10-17,15:07:10.408598,17:20:48.129880
1210246,2019-10-17,15:07:23.028520,17:44:21.597505
14000115,2019-10-17,15:07:24.626926,17:02:06.243780
907409,2019-10-17,15:07:25.924824,
1212241,2019-10-17,15:07:27.446539,16:17:54.240579
4112395,2019-10-17,15:07:32.412546,17:11:55.730172
11001136,2019-10-17,15:07:34.628467,16:01:24.884255
11006287,2019-10-17,15:07:36.468512,17:25:23.819169
1211312,2019-10-17,15:07:38.234460,16:56:10.429899
11000932,2019-10-17,15:08:29.490179,17:10:43.742508
11000528,2019-10-17,15:08:43.582020,16:33:52.161205
11002329,2019-10-17,15:09:23.878010,16:34:12.703196
931844,2019-10-17,15:09:58.273691,17:34:55.525830
4111318,2019-10-17,15:10:02.233637,
11001624,2019-10-17,15:10:03.514009,16:32:40.233559
4115843,2019-10-17,15:10:08.189679,16:18:40.222530
11002043,2019-10-17,15:10:19.429781,16:35:18.547134
1211452,2019-10-17,15:10:27.853796,16:20:24.628713
1211635,2019-10-17,15:10:28.993648,16:34:58.571223
2008135,2019-10-17,15:10:51.981557,16:20:59.190687
11007072,2019-10-17,15:10:54.115786,17:10:36.280665
1211565,2019-10-17,15:10:58.071638,17:24:57.667224
11001730,2019-10-17,15:10:59.245403,16:57:32.333833
14000929,2019-10-17,15:11:01.507667,17:03:12.090797
1214026,2019-10-17,15:11:26.753427,16:34:26.555289
1210307,2019-10-17,15:11:46.063384,17:14:47.921266
11001771,2019-10-17,15:11:49.005537,16:18:13.804585
905287,2019-10-17,15:11:52.113432,17:12:40.869916
4111492,2019-10-17,15:11:54.051197,16:39:24.098586
4111053,2019-10-17,15:12:01.843298,16:39:28.450868
4114713,2019-10-17,15:12:06.019328,16:22:43.970739
11001889,2019-10-17,15:12:38.333094,17:03:08.118963
11000675,2019-10-17,15:12:40.515498,16:58:31.348099
11001883,2019-10-17,15:12:55.985424,16:18:58.852662
7000878,2019-10-17,15:13:00.440916,17:16:41.876771
1210644,2019-10-17,15:13:54.936695,17:31:45.662290
4111100,2019-10-17,15:13:56.334812,17:02:09.203794
907780,2019-10-17,15:13:59.288916,17:02:00.651779
2007453,2019-10-17,15:14:00.704859,15:33:27.524598
931616,2019-10-17,15:14:02.114927,17:05:00.045906
2003646,2019-10-17,15:14:06.298663,16:23:59.882808
1212104,2019-10-17,15:14:16.734853,17:01:45.629737
11008518,2019-10-17,15:14:19.070607,17:09:09.891192
2004201,2019-10-17,15:14:20.910847,15:16:22.184230
11003255,2019-10-17,15:14:23.466694,16:43:24.674349
11001999,2019-10-17,15:15:31.868502,16:31:27.789907
1208144,2019-10-17,15:15:51.788539,17:03:18.810802
11008402,2019-10-17,15:17:52.989926,
305365280,2019-10-17,15:20:31.112901,17:10:39.208730
11007001,2019-10-17,15:24:49.873467,17:03:30.936477
11001124,2019-10-17,15:27:51.368528,16:29:35.652240
2007624,2019-10-17,15:29:22.891730,16:40:35.780675
14002684,2019-10-17,15:36:02.185213,17:10:07.392885
121214801,2019-10-17,15:45:49.073998,
1209528,2019-10-17,15:57:28.076354,
11000873,2019-10-17,15:59:03.706637,16:58:21.405927
11002136,2019-10-17,16:01:25.176235,
11001136,2019-10-17,16:01:33.846519,16:01:41.464157
11000898,2019-10-17,16:09:32.392378,
32889,2019-10-17,16:31:49.279908,
905051,2019-10-17,16:40:59.386595,17:04:04.420267
11000932,2019-10-17,17:10:48.162646,17:10:49.512462
11000932,2019-10-17,17:10:59.226497,17:11:00.554501
11000932,2019-10-17,17:11:01.572666,17:11:02.606454
7385400808,2019-10-17,17:25:25.743100,17:42:34.981925
1826389878240401,2019-10-17,17:25:38.782955,17:25:41.089159
63524,2019-10-18,14:55:33.769985,15:28:15.832962
926163,2019-10-18,14:57:01.200127,15:24:28.056369
4114192,2019-10-18,14:59:58.800758,15:36:59.614896
1214316,2019-10-18,15:00:03.812736,
11001621,2019-10-18,15:00:10.587025,15:57:52.213791
11006143,2019-10-18,15:00:17.229393,15:26:12.938472
1208144,2019-10-18,15:00:47.011775,15:23:25.388095
1212169,2019-10-18,15:01:08.286391,15:23:43.024148
4116254,2019-10-18,15:01:28.948975,16:06:13.987721
1211641,2019-10-18,15:01:36.424841,15:23:51.830196
11001246,2019-10-18,15:01:40.236979,15:24:55.292435
11001970,2019-10-18,15:01:41.871123,15:41:39.075322
14002479,2019-10-18,15:01:47.147059,17:00:10.445700
11003255,2019-10-18,15:01:50.011265,15:25:55.802587
2001511,2019-10-18,15:01:53.367352,15:24:21.676281
14001180,2019-10-18,15:02:03.525510,15:25:56.664633
11001770,2019-10-18,15:02:17.063897,15:28:05.305059
4111175,2019-10-18,15:02:23.900175,15:26:27.339343
1211823,2019-10-18,15:02:26.860348,15:26:05.082436
0462379422,2019-10-18,15:02:38.128142,15:26:03.602429
4112276,2019-10-18,15:02:48.160205,15:25:24.592329
1212241,2019-10-18,15:02:49.628182,15:27:02.564907
907409,2019-10-18,15:02:56.480515,16:25:07.757363
1212178,2019-10-18,15:02:58.020500,
1214467,2019-10-18,15:02:59.512616,15:26:28.944560
953276,2019-10-18,15:03:00.686481,
11007072,2019-10-18,15:03:02.316400,17:40:06.516088
1211452,2019-10-18,15:03:10.756814,15:24:53.716385
1212009,2019-10-18,15:03:15.637024,15:26:43.863200
901926,2019-10-18,15:03:17.646777,16:34:05.190201
11001678,2019-10-18,15:03:20.827695,15:23:36.050111
1212220,2019-10-18,15:03:26.016987,15:30:55.819369
11001764,2019-10-18,15:03:27.842982,15:29:27.913038
2002047,2019-10-18,15:03:29.043153,15:59:56.041799
11000637,2019-10-18,15:03:31.451443,
11000348,2019-10-18,15:03:32.671092,15:26:17.778659
2001198,2019-10-18,15:03:35.785178,15:23:08.166328
931790,2019-10-18,15:03:37.388985,15:25:49.458593
11001685,2019-10-18,15:03:40.543160,
931844,2019-10-18,15:03:41.913065,15:27:26.342935
2007453,2019-10-18,15:03:47.023256,15:25:14.684452
1214026,2019-10-18,15:03:51.759357,15:27:37.251086
109225185,2019-10-18,15:03:55.715464,15:28:25.677049
11008121,2019-10-18,15:03:59.215379,
11001124,2019-10-18,15:04:00.891475,
1211612,2019-10-18,15:04:11.957573,15:27:44.993054
11001703,2019-10-18,15:04:15.413617,15:28:50.661041
11002329,2019-10-18,15:04:18.349786,15:35:03.395810
11007273,2019-10-18,15:04:33.842095,15:09:08.173301
11002043,2019-10-18,15:04:37.104074,15:24:46.952361
4112223,2019-10-18,15:05:06.244545,
907780,2019-10-18,15:05:12.782576,15:25:10.806644
11000528,2019-10-18,15:05:14.324604,15:23:58.514359
1214402,2019-10-18,15:05:20.834662,15:27:41.455018
11001624,2019-10-18,15:05:29.288705,15:57:58.923985
11001667,2019-10-18,15:05:33.228780,15:54:52.955838
11002184,2019-10-18,15:05:39.846832,15:23:19.430077
11001883,2019-10-18,15:06:57.231991,16:05:09.107771
11012070,2019-10-18,15:07:07.658092,15:28:00.957039
1212927,2019-10-18,15:08:07.872771,15:29:05.733118
4112126,2019-10-18,15:08:19.956888,15:23:29.726629
11000932,2019-10-18,15:08:43.223048,15:28:33.197138
11001690,2019-10-18,15:08:44.329162,15:25:27.670478
4114795,2019-10-18,15:08:45.643231,
11009054,2019-10-18,15:08:54.335210,15:29:13.079218
1211660,2019-10-18,15:09:05.341291,15:29:35.811214
1214632,2019-10-18,15:10:33.088075,15:24:30.368328
2004201,2019-10-18,15:10:53.792256,16:14:06.075553
905051,2019-10-18,15:21:01.083659,16:31:19.925364
2007624,2019-10-18,15:22:56.114272,16:32:00.916554
2001198,2019-10-18,15:23:11.860120,17:03:33.990443
305365280,2019-10-18,15:23:17.344035,16:27:28.278396
11002184,2019-10-18,15:23:21.090077,17:04:30.745033
1208144,2019-10-18,15:23:27.724108,18:02:31.232287
4112126,2019-10-18,15:23:33.096118,16:11:23.082479
11001678,2019-10-18,15:23:38.162104,16:03:32.585807
1212169,2019-10-18,15:23:44.858237,16:34:49.519487
11000864,2019-10-18,15:23:49.976248,15:54:01.615880
1211641,2019-10-18,15:23:54.820309,17:50:06.539215
11000528,2019-10-18,15:24:18.152297,15:35:04.863758
2001511,2019-10-18,15:24:23.458315,16:34:59.595297
926163,2019-10-18,15:24:29.424312,16:41:55.644817
4111053,2019-10-18,15:24:31.994309,16:32:40.817784
1214632,2019-10-18,15:24:35.592388,16:38:05.432042
4111100,2019-10-18,15:24:48.782470,
11002043,2019-10-18,15:24:49.896407,
1211565,2019-10-18,15:24:51.500474,
931781,2019-10-18,15:25:04.244769,
1211452,2019-10-18,15:25:06.134656,16:14:44.869811
14000929,2019-10-18,15:25:07.350461,17:08:03.358954
907780,2019-10-18,15:25:20.766445,16:38:03.966044
2007453,2019-10-18,15:25:22.404479,16:38:35.175464
4112276,2019-10-18,15:25:25.916445,16:41:28.909299
11001690,2019-10-18,15:25:32.660507,15:55:09.363906
11001730,2019-10-18,15:25:43.265526,16:52:40.336766
931790,2019-10-18,15:25:54.574668,15:54:30.477860
4114713,2019-10-18,15:26:00.522600,15:57:46.429829
0462379422,2019-10-18,15:26:14.156601,17:00:22.061884
1211823,2019-10-18,15:26:15.814843,17:00:19.571847
11006143,2019-10-18,15:26:19.010744,17:00:23.391919
11000348,2019-10-18,15:26:23.690585,17:00:06.595623
1214467,2019-10-18,15:26:36.638595,16:18:50.588158
4111175,2019-10-18,15:26:41.650725,16:28:08.411149
1212009,2019-10-18,15:26:47.176813,16:34:27.809841
11003255,2019-10-18,15:26:50.166927,16:40:28.847626
1211635,2019-10-18,15:26:52.752635,16:32:05.464651
1210644,2019-10-18,15:26:54.578951,16:58:18.491767
11000898,2019-10-18,15:26:57.860830,17:21:37.629784
931844,2019-10-18,15:27:28.133489,17:50:08.641184
2003646,2019-10-18,15:27:30.141535,16:04:51.349814
14001180,2019-10-18,15:27:34.482762,16:34:54.995362
11001770,2019-10-18,15:28:06.816952,17:27:39.409934
11006287,2019-10-18,15:28:13.322937,17:02:51.581926
63524,2019-10-18,15:28:17.856930,17:39:51.683799
109225185,2019-10-18,15:28:28.974970,16:55:22.086048
11000932,2019-10-18,15:28:37.787063,17:01:13.118631
7000878,2019-10-18,15:28:46.956916,15:56:19.609665
11001703,2019-10-18,15:28:52.957622,16:40:25.131679
1212927,2019-10-18,15:29:08.093084,16:20:13.253475
11009054,2019-10-18,15:29:15.885148,15:42:12.169594
11001764,2019-10-18,15:29:34.185033,15:42:27.441288
1211660,2019-10-18,15:29:39.403199,15:50:50.160107
1212220,2019-10-18,15:30:58.537431,17:46:09.733457
1210246,2019-10-18,15:35:47.873844,16:26:31.817553
4112395,2019-10-18,15:36:03.921210,16:23:33.356072
11007001,2019-10-18,15:43:00.473150,16:23:49.303687
14000115,2019-10-18,15:43:03.519079,16:26:35.043508
11001246,2019-10-18,15:54:08.169904,15:54:14.437855
1211612,2019-10-18,16:00:57.381834,
11001889,2019-10-18,16:01:22.195783,17:06:00.679931
1212241,2019-10-18,16:05:23.701888,16:05:35.729787
11001678,2019-10-18,16:07:34.197124,16:11:27.348361
1212241,2019-10-18,16:10:33.221644,16:10:34.355775
1211312,2019-10-18,16:14:28.252594,16:59:57.565865
931616,2019-10-18,16:28:55.320348,17:43:21.825572
1214402,2019-10-18,16:39:31.936536,
1214026,2019-10-18,16:39:39.042754,16:39:44.836689
11012070,2019-10-18,16:54:54.361017,16:54:57.293413
2004201,2019-10-18,16:58:48.776268,16:58:55.366444
05100897,2019-10-19,10:11:02.856663,
2021151,2019-10-19,17:41:01.074967,
1211565,2019-10-19,17:43:05.378913,17:43:07.243147
0462379422,2019-10-19,18:30:00.710051,
1211823,2019-10-19,18:30:02.742051,
07511776,2019-10-19,22:16:48.716457,
07737121,2019-10-19,22:25:08.577626,
20460,2019-10-20,08:19:26.685120,
0343059,2019-10-20,10:23:09.659806,
783702,2019-10-20,11:07:55.304047,
2720764857754,2019-10-21,03:09:59.461378,
869274,2019-10-21,05:39:54.662424,
92676,2019-10-21,06:17:12.903233,
50676,2019-10-21,06:17:29.337157,
03450697,2019-10-21,08:10:24.062230,
04293088,2019-10-21,11:15:44.831476,
04293028,2019-10-21,11:17:25.762471,
1214316,2019-10-21,15:01:02.467010,16:32:18.306632
11001770,2019-10-21,15:01:33.957764,17:11:33.100664
14002479,2019-10-21,15:01:37.720055,17:13:16.466313
11001999,2019-10-21,15:01:41.718034,16:34:16.440480
0462379422,2019-10-21,15:01:50.406226,16:35:22.078407
1211823,2019-10-21,15:01:52.262165,16:35:23.954402
14002684,2019-10-21,15:01:55.262420,17:10:25.220903
14002497,2019-10-21,15:01:56.726380,16:17:11.350204
1214467,2019-10-21,15:01:59.266497,17:11:37.034653
11003255,2019-10-21,15:02:00.184391,16:36:58.770438
1212169,2019-10-21,15:02:02.680384,17:01:13.019541
905051,2019-10-21,15:02:04.684407,17:04:33.428729
14001180,2019-10-21,15:02:06.331372,16:41:14.554199
2001511,2019-10-21,15:02:10.112721,16:41:17.840255
11006143,2019-10-21,15:02:12.132781,17:09:44.617107
109225185,2019-10-21,15:02:38.485205,17:10:21.146901
4112395,2019-10-21,15:02:48.083007,15:31:02.023987
11000641,2019-10-21,15:02:49.834818,16:40:17.930266
4114795,2019-10-21,15:03:02.180409,16:32:23.070550
1212241,2019-10-21,15:03:06.532275,16:53:52.300321
1212009,2019-10-21,15:03:08.908354,16:59:28.803560
11001764,2019-10-21,15:03:10.696149,16:32:12.388611
11001970,2019-10-21,15:03:11.924240,16:32:21.666584
11005086,2019-10-21,15:03:18.246030,17:18:33.621565
2003646,2019-10-21,15:03:20.295814,16:54:01.691833
11001690,2019-10-21,15:03:24.766136,16:53:50.137777
11000528,2019-10-21,15:03:25.959635,16:31:49.342567
953276,2019-10-21,15:03:30.922457,17:13:34.940177
11009511,2019-10-21,15:03:32.217588,17:17:19.879578
931790,2019-10-21,15:03:37.659417,16:53:19.567764
1211312,2019-10-21,15:03:43.803279,17:44:41.245315
11001136,2019-10-21,15:03:47.789133,15:08:49.404778
18001136,2019-10-21,15:03:48.043202,
11001124,2019-10-21,15:03:49.579111,16:31:23.936534
931844,2019-10-21,15:03:57.503302,17:41:16.043522
1211565,2019-10-21,15:03:58.860875,17:08:46.969334
1211612,2019-10-21,15:04:00.285273,16:31:46.401000
11008121,2019-10-21,15:04:02.442788,16:31:52.796605
63524,2019-10-21,15:04:05.124707,16:31:58.194526
11000348,2019-10-21,15:04:07.536650,16:33:09.878977
11000675,2019-10-21,15:04:11.820531,16:54:46.403833
1214026,2019-10-21,15:04:16.504422,17:11:41.788756
11000898,2019-10-21,15:04:20.756317,17:26:26.020266
11001703,2019-10-21,15:04:23.212289,17:03:23.389212
901926,2019-10-21,15:04:30.078218,15:55:36.258734
2007453,2019-10-21,15:04:32.857973,16:35:15.826485
11001891,2019-10-21,15:04:35.912007,16:33:21.490526
11001889,2019-10-21,15:04:37.853964,17:02:54.761392
11006287,2019-10-21,15:04:39.389937,17:08:52.009315
305365280,2019-10-21,15:04:41.411892,17:11:31.772646
4112276,2019-10-21,15:04:46.017837,16:35:19.990420
1211635,2019-10-21,15:04:47.918743,16:59:38.563570
4111100,2019-10-21,15:04:55.297644,16:53:18.651783
1211281,2019-10-21,15:05:00.117433,17:04:39.048606
1208144,2019-10-21,15:05:06.305429,17:18:39.043328
907780,2019-10-21,15:05:16.960986,16:35:18.256438
1211100,2019-10-21,15:05:18.463106,16:32:24.272604
11001730,2019-10-21,15:05:26.826953,16:56:10.917674
11007426,2019-10-21,15:05:34.584827,15:09:00.241668
11001678,2019-10-21,15:05:43.440721,16:34:05.954511
14000115,2019-10-21,15:05:49.820577,17:02:50.095385
11000516,2019-10-21,15:05:51.352541,16:54:09.101822
2008415,2019-10-21,15:06:00.600520,17:02:56.731424
1212220,2019-10-21,15:06:03.214431,
11002184,2019-10-21,15:06:04.340649,17:02:58.127374
2003624,2019-10-21,15:06:06.526322,17:14:30.386052
4112126,2019-10-21,15:06:11.638228,16:34:10.854578
11001771,2019-10-21,15:06:16.014158,16:51:33.581807
11002043,2019-10-21,15:06:20.442160,16:32:03.769139
4111318,2019-10-21,15:06:33.341934,16:32:16.888549
931616,2019-10-21,15:06:36.293897,17:08:43.713536
4111175,2019-10-21,15:06:43.955830,17:10:58.136731
11001624,2019-10-21,15:06:55.257711,16:36:32.768225
1210246,2019-10-21,15:07:08.657552,15:48:09.875475
2007624,2019-10-21,15:07:37.783259,16:46:51.292183
931781,2019-10-21,15:08:18.770990,16:33:49.668765
11001883,2019-10-21,15:08:41.998810,16:53:30.175807
11012070,2019-10-21,15:08:46.457163,17:14:03.274089
4114713,2019-10-21,15:09:47.304508,16:53:45.831887
7000878,2019-10-21,15:09:56.986562,16:53:16.313725
11000637,2019-10-21,15:10:31.804354,16:41:36.842549
11000864,2019-10-21,15:10:35.574234,16:52:46.080176
4111492,2019-10-21,15:14:01.426368,15:16:38.260689
1214632,2019-10-21,15:14:05.526311,16:31:54.572572
4112223,2019-10-21,15:14:09.934400,16:47:38.175943
11001621,2019-10-21,15:16:14.442654,16:55:12.729650
11009227,2019-10-21,15:34:40.207267,16:12:30.868081
2004201,2019-10-21,15:47:49.573602,16:43:47.290105
1210644,2019-10-21,16:11:26.449889,17:26:28.200253
0462379422,2019-10-21,16:35:26.566391,16:51:02.245842
1211823,2019-10-21,16:35:28.104439,16:50:54.705828
6206027160,2019-10-22,05:36:40.937774,
62664,2019-10-22,06:22:07.919529,
30593,2019-10-22,08:48:34.298588,
1211281,2019-10-22,12:05:08.667551,13:23:36.388189
953276,2019-10-22,12:05:17.597708,13:23:51.850246
32786,2019-10-22,19:57:00.262445,20:03:48.217526
363682,2019-10-23,04:00:37.707418,11:47:41.724445
30088,2019-10-23,05:04:56.909029,
09579088,2019-10-23,05:37:13.904361,
45665,2019-10-23,10:07:53.222010,10:09:01.473365
05365,2019-10-23,10:09:27.369882,
45665,2019-10-23,10:12:35.470769,10:13:57.911791
45665,2019-10-23,10:14:32.432388,10:15:46.020961
45665,2019-10-23,10:17:32.813960,10:46:08.736911
45665,2019-10-23,10:46:37.125046,
29589,2019-10-23,11:39:43.068610,
1211281,2019-10-23,13:16:32.843552,13:16:34.243582
926163,2019-10-23,15:00:44.649080,16:13:37.236970
1209528,2019-10-23,15:03:06.514203,16:09:09.415716
11005086,2019-10-23,15:03:25.381549,15:30:17.219568
14000115,2019-10-23,15:06:06.904153,16:09:16.777732
17058,2019-10-23,16:08:56.958143,
83008,2019-10-23,17:17:49.030524,
926163,2019-10-24,14:58:24.816996,17:24:18.418241
63524,2019-10-24,15:00:46.434888,17:15:46.847888
1214316,2019-10-24,15:01:03.486763,16:34:33.114457
4111175,2019-10-24,15:01:15.295052,16:31:02.332786
4116254,2019-10-24,15:01:24.196746,15:50:23.058288
11009227,2019-10-24,15:01:46.772901,16:17:39.118177
1212169,2019-10-24,15:01:51.896843,17:08:31.571349
2003646,2019-10-24,15:01:57.872939,16:53:54.667293
2001511,2019-10-24,15:02:04.983571,16:36:15.089123
11007001,2019-10-24,15:02:10.837133,16:23:09.976346
4112395,2019-10-24,15:02:16.388989,15:53:27.424267
11007072,2019-10-24,15:02:18.503291,17:02:38.036232
1214467,2019-10-24,15:02:21.799104,17:07:45.779973
11001970,2019-10-24,15:02:22.739250,16:33:09.393885
11003255,2019-10-24,15:02:26.553019,16:41:45.050844
11000675,2019-10-24,15:02:30.583618,17:26:14.235961
931790,2019-10-24,15:02:31.386943,15:51:23.772383
1211641,2019-10-24,15:02:36.433053,16:35:03.911961
11001770,2019-10-24,15:02:39.010984,16:57:03.597435
11009511,2019-10-24,15:02:40.263032,17:13:41.938588
1212178,2019-10-24,15:02:46.211181,16:34:27.368355
11000348,2019-10-24,15:02:48.913305,16:33:45.350148
11007273,2019-10-24,15:02:53.892953,17:13:44.899113
11001883,2019-10-24,15:02:56.497000,15:50:46.440528
11001624,2019-10-24,15:02:58.918766,16:35:25.316919
4114192,2019-10-24,15:03:07.150811,16:36:39.423251
4111492,2019-10-24,15:03:10.839224,16:31:19.344894
109225185,2019-10-24,15:03:15.074976,17:07:41.213941
1212241,2019-10-24,15:03:15.780824,15:59:47.874894
4111053,2019-10-24,15:03:19.120955,16:31:21.446884
2008415,2019-10-24,15:03:20.817055,16:59:03.693875
4111318,2019-10-24,15:03:23.388764,16:33:59.502304
11002184,2019-10-24,15:03:25.503030,16:58:58.911785
1212009,2019-10-24,15:03:29.506958,16:36:42.393581
14001180,2019-10-24,15:03:33.011018,16:35:46.755265
901926,2019-10-24,15:03:35.318791,16:34:56.226786
1209528,2019-10-24,15:03:37.649019,15:05:54.095048
2001198,2019-10-24,15:03:38.942939,16:59:01.691822
931844,2019-10-24,15:03:40.929163,
11001764,2019-10-24,15:03:42.017736,16:34:03.559454
11001246,2019-10-24,15:03:45.719002,15:38:09.502637
4111100,2019-10-24,15:04:00.456821,15:51:47.812866
11002043,2019-10-24,15:04:01.718898,16:34:51.764678
11002329,2019-10-24,15:04:04.136977,16:35:40.696720
11008518,2019-10-24,15:04:07.036940,16:57:58.127594
14000929,2019-10-24,15:04:09.308907,17:02:17.420274
11008121,2019-10-24,15:04:13.566678,17:04:47.129040
1211612,2019-10-24,15:04:15.097065,16:49:44.012334
4114795,2019-10-24,15:04:22.104939,16:33:47.646179
2002047,2019-10-24,15:04:28.601150,16:01:23.643165
11001685,2019-10-24,15:04:30.720923,16:33:52.556109
11000528,2019-10-24,15:04:32.253131,15:51:56.246580
2008135,2019-10-24,15:04:40.414826,15:50:48.250499
1211635,2019-10-24,15:04:43.378910,16:34:53.820723
11000420,2019-10-24,15:04:44.705508,16:12:20.679861
2003624,2019-10-24,15:04:45.603082,17:26:43.183869
1208144,2019-10-24,15:04:50.743060,17:06:01.629639
11001678,2019-10-24,15:04:53.820976,16:35:31.797311
4112126,2019-10-24,15:04:56.180983,16:35:38.156883
2007453,2019-10-24,15:05:02.905007,16:35:00.648610
11006287,2019-10-24,15:05:05.801154,17:16:24.865797
1211100,2019-10-24,15:05:07.759394,
4112276,2019-10-24,15:05:15.417431,16:34:58.572566
2007624,2019-10-24,15:05:17.164844,16:35:36.103080
11001690,2019-10-24,15:05:19.978938,15:50:32.536270
11000516,2019-10-24,15:05:21.592975,16:56:05.319323
11001891,2019-10-24,15:05:47.197317,16:35:43.784880
1210246,2019-10-24,15:05:48.620960,15:30:55.741526
1211823,2019-10-24,15:05:55.215092,17:25:55.569896
0462379422,2019-10-24,15:05:56.944875,17:25:57.350021
4115843,2019-10-24,15:06:27.638856,15:50:07.136340
11001999,2019-10-24,15:06:39.341052,16:47:12.203937
11001889,2019-10-24,15:06:43.644878,16:59:07.537781
11001730,2019-10-24,15:07:01.155112,16:52:31.414794
907409,2019-10-24,15:07:03.466928,16:36:20.811127
11000637,2019-10-24,15:07:28.764914,16:45:17.917525
1214402,2019-10-24,15:07:37.649195,17:02:57.882237
1214026,2019-10-24,15:07:39.489114,16:35:07.152678
1210644,2019-10-24,15:08:01.419103,16:58:51.417710
1212104,2019-10-24,15:08:19.551265,17:00:53.660082
931781,2019-10-24,15:08:35.325044,16:35:15.516678
1211660,2019-10-24,15:08:42.071123,16:34:38.420809
11009054,2019-10-24,15:08:43.979120,16:10:37.533762
905051,2019-10-24,15:09:10.363099,16:38:16.539745
11001771,2019-10-24,15:10:42.693033,15:50:52.806405
1212927,2019-10-24,15:10:46.225140,16:34:48.284614
7000878,2019-10-24,15:11:04.979289,16:35:19.280803
14000115,2019-10-24,15:16:09.663362,16:52:07.640776
1211312,2019-10-24,15:19:18.357668,17:32:02.775449
1212220,2019-10-24,15:22:02.937623,16:36:41.003306
2004201,2019-10-24,15:26:13.264647,17:32:04.823419
931616,2019-10-24,15:31:52.903400,17:01:31.032034
11008402,2019-10-24,15:32:50.903164,15:49:54.258274
11005086,2019-10-24,15:38:43.662786,16:13:07.394534
11005086,2019-10-24,16:14:26.491842,17:28:31.481713
4111318,2019-10-24,16:34:04.996404,16:34:07.340481
30588,2019-10-24,17:57:16.552672,
323568507,2019-10-25,04:12:40.230069,
1212169,2019-10-25,15:01:35.388831,16:45:17.634679
4111175,2019-10-25,15:01:45.309676,16:39:29.329757
4114192,2019-10-25,15:02:29.259898,16:31:11.754643
1214316,2019-10-25,15:02:39.144507,16:34:53.482384
953276,2019-10-25,15:02:42.423177,17:33:35.610943
1214467,2019-10-25,15:02:44.151012,16:39:31.783753
4111492,2019-10-25,15:02:47.296979,16:35:18.640235
109225185,2019-10-25,15:02:49.537021,17:20:06.633957
0462379422,2019-10-25,15:03:00.899911,17:22:21.777780
1211823,2019-10-25,15:03:03.001858,17:22:19.123918
11001624,2019-10-25,15:03:04.786333,16:32:30.756784
11001246,2019-10-25,15:03:09.208547,16:03:06.309692
905287,2019-10-25,15:03:15.252541,16:37:59.913956
931790,2019-10-25,15:03:20.082712,15:57:45.464706
11002043,2019-10-25,15:03:23.237103,16:31:14.784598
11001690,2019-10-25,15:03:26.983246,15:58:31.492605
11001764,2019-10-25,15:03:28.057185,16:34:48.304459
11007072,2019-10-25,15:03:29.435266,17:08:08.852553
11000348,2019-10-25,15:03:32.075408,16:30:49.000752
1212241,2019-10-25,15:03:35.555720,15:57:53.296729
11002329,2019-10-25,15:03:36.353554,16:26:10.729406
1211100,2019-10-25,15:03:37.379926,16:35:41.890187
63524,2019-10-25,15:03:39.419611,17:22:17.978345
11000641,2019-10-25,15:03:41.401908,16:26:17.171133
11007273,2019-10-25,15:03:43.066012,17:24:21.203609
11009227,2019-10-25,15:03:44.805873,15:22:27.158644
11001883,2019-10-25,15:03:46.626177,15:58:41.072542
931844,2019-10-25,15:03:47.522020,15:22:55.840816
305365280,2019-10-25,15:03:50.718340,17:07:52.212582
11001124,2019-10-25,15:03:51.598626,16:25:13.529300
1212178,2019-10-25,15:03:57.028449,16:31:45.388594
1211565,2019-10-25,15:03:58.828516,16:07:17.482878
11001889,2019-10-25,15:04:00.095378,17:05:37.818749
1212009,2019-10-25,15:04:01.436793,16:34:44.718356
4114795,2019-10-25,15:04:03.766961,16:31:16.360594
11002184,2019-10-25,15:04:06.334872,17:02:37.132688
2008415,2019-10-25,15:04:13.359421,17:02:41.466618
1211452,2019-10-25,15:04:20.409853,15:57:51.764555
1214632,2019-10-25,15:04:29.790070,16:35:19.800220
11008402,2019-10-25,15:04:39.284521,15:57:33.896637
4112223,2019-10-25,15:04:41.382455,15:57:27.446754
1211635,2019-10-25,15:04:43.792591,16:33:27.600427
2003646,2019-10-25,15:04:45.878596,16:00:42.950148
1210307,2019-10-25,15:04:51.501113,16:38:15.217959
11001703,2019-10-25,15:04:54.425233,16:39:01.381860
11006287,2019-10-25,15:04:56.245202,16:07:24.722954
4112126,2019-10-25,15:04:59.267285,16:26:05.431083
11001678,2019-10-25,15:05:01.257396,16:31:24.262641
4111100,2019-10-25,15:05:02.481339,15:57:56.646722
11000932,2019-10-25,15:05:03.859519,17:24:18.629602
11001730,2019-10-25,15:05:10.313774,16:45:27.936552
2001511,2019-10-25,15:05:14.668201,16:29:15.328863
1208144,2019-10-25,15:05:23.604364,18:00:38.607501
2003624,2019-10-25,15:05:46.951071,17:34:17.502891
901926,2019-10-25,15:05:52.155787,16:34:47.254575
11007426,2019-10-25,15:05:54.039269,16:02:39.386128
2002047,2019-10-25,15:05:54.945304,16:35:24.290210
1211612,2019-10-25,15:05:59.837619,16:28:19.174914
11008121,2019-10-25,15:06:03.599649,16:38:04.297925
2007624,2019-10-25,15:06:07.731826,16:34:34.334278
4114713,2019-10-25,15:06:12.858126,15:58:35.978555
11001770,2019-10-25,15:06:14.714249,17:06:01.692646
11001970,2019-10-25,15:06:16.530092,16:29:48.324754
1214402,2019-10-25,15:06:22.688297,16:34:14.712432
1214026,2019-10-25,15:06:25.972429,16:34:17.440354
11007001,2019-10-25,15:06:28.220771,17:19:07.561998
11001667,2019-10-25,15:06:47.283137,15:58:00.678718
4112395,2019-10-25,15:07:04.409733,18:06:23.014689
11001685,2019-10-25,15:07:07.579770,16:33:38.246441
14000115,2019-10-25,15:07:25.796327,18:00:18.455548
1211660,2019-10-25,15:07:59.243362,16:34:25.220272
11000528,2019-10-25,15:08:03.441555,16:31:19.254639
4113419,2019-10-25,15:08:08.419512,16:34:21.878292
11001771,2019-10-25,15:08:25.571948,15:57:43.166730
11009054,2019-10-25,15:08:27.384106,16:34:30.708400
4115843,2019-10-25,15:08:28.572046,15:58:05.746726
11000864,2019-10-25,15:08:34.930341,
14001180,2019-10-25,15:08:48.180964,16:29:04.602805
1212927,2019-10-25,15:09:12.379464,16:34:51.376265
4111053,2019-10-25,15:09:17.715232,16:35:11.922237
1211281,2019-10-25,15:09:24.375738,17:33:38.821007
11000637,2019-10-25,15:09:43.411948,15:22:43.132816
1209914,2019-10-25,15:12:08.612553,16:34:06.390365
4112276,2019-10-25,15:22:23.002563,16:31:06.636630
907780,2019-10-25,15:22:26.146716,16:31:09.628714
11000637,2019-10-25,15:22:48.740775,16:28:10.578869
926163,2019-10-25,15:22:54.436756,16:35:56.500770
931844,2019-10-25,15:23:01.688736,18:08:14.890392
14000929,2019-10-25,15:23:04.154780,17:05:38.951112
11001621,2019-10-25,15:23:08.736594,15:58:39.556561
2004201,2019-10-25,15:23:14.344606,16:42:47.329473
11012070,2019-10-25,15:23:22.310792,17:20:31.039888
11002284,2019-10-25,15:23:27.035167,15:58:04.844731
11006143,2019-10-25,15:23:30.873147,16:05:21.531255
1210365,2019-10-25,15:23:35.524663,16:25:46.887075
11003255,2019-10-25,15:23:37.618678,16:41:22.509580
4116254,2019-10-25,15:23:39.570959,15:58:26.042671
11000420,2019-10-25,15:23:41.762623,16:07:15.746849
1211641,2019-10-25,15:23:44.718623,17:35:57.634772
931781,2019-10-25,15:23:50.320789,16:31:21.806646
7000878,2019-10-25,15:23:52.790808,16:34:35.164263
1211312,2019-10-25,15:23:55.514840,16:42:51.127422
1210246,2019-10-25,15:24:42.468776,15:42:28.994608
905051,2019-10-25,15:26:56.201104,16:34:37.768288
1212104,2019-10-25,15:28:32.062711,17:07:59.242533
1212220,2019-10-25,15:32:10.465939,16:38:23.311894
1210246,2019-10-25,15:42:30.910549,18:06:26.430668
4115843,2019-10-25,15:58:13.006488,15:58:28.426467
931616,2019-10-25,16:28:13.256923,17:06:38.422608
931844,2019-10-25,18:09:54.096187,18:09:57.900217
0666946,2019-10-27,02:23:22.849632,
013766,2019-10-27,03:32:52.296795,
06574004,2019-10-27,22:18:36.177782,
1211565,2019-10-28,12:00:45.382520,12:00:48.379465
03483114,2019-10-28,17:28:33.099506,
15620,2019-10-28,22:06:43.684943,
03315611,2019-10-29,01:47:12.451564,02:06:07.529957
09007615,2019-10-29,07:15:40.086827,
83176,2019-10-29,13:42:59.357683,13:44:32.427997
08680488,2019-10-30,08:02:10.301700,
381538,2019-10-30,12:49:31.123844,
93770,2019-10-31,02:10:43.817432,
2766730,2019-10-31,12:03:00.719896,
603782,2019-10-31,18:55:17.510080,
00318125,2019-10-31,20:36:48.771438,
1212169,2019-11-01,15:02:12.735177,17:03:36.331626
11001764,2019-11-01,15:02:14.757233,16:30:28.062374
4114192,2019-11-01,15:02:19.751115,16:29:54.036917
11001970,2019-11-01,15:02:21.191229,16:33:50.591313
4116254,2019-11-01,15:02:27.403128,16:28:53.420330
11001246,2019-11-01,15:02:28.855208,16:30:59.302137
4111175,2019-11-01,15:02:30.421147,17:00:14.062734
11003255,2019-11-01,15:02:32.289443,16:16:08.150070
11001770,2019-11-01,15:02:34.349151,16:55:27.490696
1208144,2019-11-01,15:02:38.065189,16:48:48.347238
11007072,2019-11-01,15:02:39.543237,16:53:46.741359
1214467,2019-11-01,15:02:41.783330,17:00:15.300784
11007001,2019-11-01,15:02:44.527298,
1212220,2019-11-01,15:02:46.341308,17:17:34.189528
4112395,2019-11-01,15:02:47.009332,15:29:30.803533
1214316,2019-11-01,15:02:50.533502,16:34:13.441039
1212241,2019-11-01,15:02:55.487285,16:17:38.880000
4111053,2019-11-01,15:02:57.235334,16:31:54.591000
63524,2019-11-01,15:02:59.191387,17:03:15.211236
1212178,2019-11-01,15:03:02.587362,16:34:03.331575
1212009,2019-11-01,15:03:04.025391,17:14:22.664654
2003646,2019-11-01,15:03:06.471328,16:53:35.435738
11000348,2019-11-01,15:03:08.603216,16:29:51.750976
1211452,2019-11-01,15:03:14.299345,17:16:36.719311
109225185,2019-11-01,15:03:16.473314,17:04:35.738666
2002047,2019-11-01,15:03:21.511524,16:55:38.220963
4112276,2019-11-01,15:03:23.967854,16:36:27.685404
14000929,2019-11-01,15:03:24.799343,16:52:38.869650
931790,2019-11-01,15:03:26.681355,17:32:05.344743
1210365,2019-11-01,15:03:29.755248,16:30:35.364341
11002184,2019-11-01,15:03:35.145500,16:32:50.040161
4111100,2019-11-01,15:03:39.831396,
2008415,2019-11-01,15:03:41.446017,16:52:31.777777
2008135,2019-11-01,15:03:43.765808,16:40:39.002927
11007426,2019-11-01,15:03:53.259379,16:03:29.813371
11002329,2019-11-01,15:03:54.643492,16:26:37.838956
2007453,2019-11-01,15:03:57.187390,16:37:32.206758
907780,2019-11-01,15:04:02.041444,16:36:29.773425
901926,2019-11-01,15:04:04.117354,17:14:14.432616
0462379422,2019-11-01,15:04:08.379311,17:03:44.627747
1211823,2019-11-01,15:04:09.909577,17:03:46.513776
11012070,2019-11-01,15:04:12.397301,17:05:16.949502
11008518,2019-11-01,15:04:17.845400,16:34:46.628487
931844,2019-11-01,15:04:24.017426,17:33:38.181972
1211100,2019-11-01,15:04:26.037811,16:37:12.774977
1214026,2019-11-01,15:04:27.915475,16:36:36.427458
11001685,2019-11-01,15:04:42.073333,16:32:48.448189
11001678,2019-11-01,15:04:51.861502,16:30:00.012818
11000528,2019-11-01,15:04:53.085563,16:31:00.999830
1214632,2019-11-01,15:04:56.753489,
4113419,2019-11-01,15:04:58.433746,16:34:33.492795
4112126,2019-11-01,15:05:03.665686,16:30:30.112199
11006287,2019-11-01,15:05:13.173547,17:03:29.071478
1211612,2019-11-01,15:05:20.787779,16:30:43.256126
11008121,2019-11-01,15:05:31.309589,16:33:29.219764
2003624,2019-11-01,15:05:36.843655,17:30:18.706734
11001690,2019-11-01,15:05:44.813734,16:49:32.506926
1209528,2019-11-01,15:05:46.135732,15:53:26.172898
1210246,2019-11-01,15:05:48.345425,17:30:01.738737
953276,2019-11-01,15:05:55.477640,15:57:22.309102
1214402,2019-11-01,15:06:01.571650,16:36:33.897374
2007624,2019-11-01,15:06:13.649755,16:54:21.657117
11001624,2019-11-01,15:06:17.539633,16:31:34.273315
11000898,2019-11-01,15:06:20.655892,17:27:14.508624
11001703,2019-11-01,15:06:31.685639,17:01:37.293030
4114795,2019-11-01,15:06:35.097652,16:50:35.210523
11000637,2019-11-01,15:07:03.191656,17:01:04.442100
11002284,2019-11-01,15:07:20.003698,16:49:38.678885
11001891,2019-11-01,15:07:29.365682,16:33:44.707472
11001667,2019-11-01,15:08:29.877735,15:46:10.379267
11001883,2019-11-01,15:08:35.671800,16:54:22.939201
11001771,2019-11-01,15:08:38.311776,17:06:02.290223
1212104,2019-11-01,15:08:57.655866,16:34:36.518759
1212927,2019-11-01,15:09:22.651636,16:36:37.913371
1211660,2019-11-01,15:09:26.837684,16:37:02.657061
11009054,2019-11-01,15:10:08.963903,16:36:57.965435
931781,2019-11-01,15:10:27.281794,16:30:31.598309
4114713,2019-11-01,15:11:20.253849,16:40:35.046976
4115843,2019-11-01,15:22:09.786273,16:54:13.789158
4111492,2019-11-01,15:22:50.072418,16:31:53.581358
926163,2019-11-01,15:22:57.408409,16:36:50.579221
11000864,2019-11-01,15:23:32.252399,17:28:41.764688
233202,2019-11-01,15:23:59.380746,
11001730,2019-11-01,15:24:10.358906,16:16:14.474084
905051,2019-11-01,15:26:42.536985,17:05:51.663934
7000878,2019-11-01,15:27:41.969621,17:29:51.258977
1210644,2019-11-01,15:27:45.445188,16:43:54.291670
11001621,2019-11-01,15:28:04.183370,16:58:54.932092
931616,2019-11-01,15:29:07.253456,16:53:32.273497
11001715,2019-11-01,16:34:05.401132,16:34:08.928961
109225185,2019-11-01,17:05:02.733188,17:05:24.221514
0462379422,2019-11-01,17:05:10.597164,17:21:55.796093
1211823,2019-11-01,17:05:31.841593,17:21:57.338191
1209528,2019-11-02,14:28:08.743069,16:59:24.029382
09967,2019-11-02,22:22:44.102766,
11005086,2019-11-03,12:06:38.456371,15:44:43.771191
14000115,2019-11-03,12:20:21.009446,17:24:32.444044
931844,2019-11-03,12:20:33.651421,17:24:40.172599
72792,2019-11-03,20:19:28.833789,
